﻿States,Housing Units 2020,State Name
Alabama,"2,288,330",AL
Alaska,"326,200",AK
Arizona,"3,082,000",AZ
Arkansas,"1,365,265",AR
California,"14,392,140",CA
Colorado,"2,491,404",CO
Connecticut,"1,530,197",CT
Delaware,"448,735",DE
District of Columbia,"350,364",DC
Florida,"9,865,350",FL
Georgia,"4,410,956",GA
Hawaii,"561,066",HI
Idaho,"751,859",ID
Illinois,"5,426,429",IL
Indiana,"2,923,175",IN
Iowa,"1,412,789",IA
Kansas,"1,275,689",KS
Kentucky,"1,994,323",KY
Louisiana,"2,073,200",LA
Maine,"739,072",ME
Maryland,"2,530,844",MD
Massachusetts,"2,998,537",MA
Michigan,"4,570,173",MI
Minnesota,"2,485,558",MN
Mississippi,"1,319,945",MS
Missouri,"2,786,621",MO
Montana,"514,803",MT
Nebraska,"844,278",NE
Nevada,"1,281,018",NV
New Hampshire,"638,795",NH
New Jersey,"3,761,229",NJ
New Mexico,"940,859",NM
New York,"8,488,066",NY
North Carolina,"4,708,710",NC
North Dakota,"370,642",ND
Ohio,"5,242,524",OH
Oklahoma,"1,746,807",OK
Oregon,"1,813,747",OR
Pennsylvania,"5,742,828",PA
Rhode Island,"483,474",RI
South Carolina,"2,344,963",SC
South Dakota,"393,375",SD
Tennessee,"3,031,605",TN
Texas,"11,589,324",TX
Utah,"1,151,414",UT
Vermont,"334,318",VT
Virginia,"3,618,247",VA
Washington,"3,202,241",WA
West Virginia,"855,635",WV
Wisconsin,"2,727,726",WI
Wyoming,"271,887",WY
