States,Population,Date,States abv 2
Alabama,"4,903,185",2019,AL
Alaska,"731,545",2019,AK
Arizona,"7,278,717",2019,AZ
Arkansas,"3,017,804",2019,AR
California,"39,512,223",2019,CA
Colorado,"5,758,736",2019,CO
Connecticut,"3,565,287",2019,CT
Delaware,"973,764",2019,DE
District of Columbia,"705,749",2019,DC
Florida,"21,477,737",2019,FL
Georgia,"10,617,423",2019,GA
Hawaii,"1,415,872",2019,HI
Idaho,"1,787,065",2019,ID
Illinois,"12,671,821",2019,IL
Indiana,"6,732,219",2019,IN
Iowa,"3,155,070",2019,IA
Kansas,"2,913,314",2019,KS
Kentucky,"4,467,673",2019,KY
Louisiana,"4,648,794",2019,LA
Maine,"1,344,212",2019,ME
Maryland,"6,045,680",2019,MD
Massachusetts,"6,892,503",2019,MA
Michigan,"9,986,857",2019,MI
Minnesota,"5,639,632",2019,MN
Mississippi,"2,976,149",2019,MS
Missouri,"6,137,428",2019,MO
Montana,"1,068,778",2019,MT
Nebraska,"1,934,408",2019,NE
Nevada,"3,080,156",2019,NV
New Hampshire,"1,359,711",2019,NH
New Jersey,"8,882,190",2019,NJ
New Mexico,"2,096,829",2019,NM
New York,"19,453,561",2019,NY
North Carolina,"10,488,084",2019,NC
North Dakota,"762,062",2019,ND
Ohio,"11,689,100",2019,OH
Oklahoma,"3,956,971",2019,OK
Oregon,"4,217,737",2019,OR
Pennsylvania,"12,801,989",2019,PA
Rhode Island,"1,059,361",2019,RI
South Carolina,"5,148,714",2019,SC
South Dakota,"884,659",2019,SD
Tennessee,"6,829,174",2019,TN
Texas,"28,995,881",2019,TX
Utah,"3,205,958",2019,UT
Vermont,"623,989",2019,VT
Virginia,"8,535,519",2019,VA
Washington,"7,614,893",2019,WA
West Virginia,"1,792,147",2019,WV
Wisconsin,"5,822,434",2019,WI
Wyoming,"578,759",2019,WY
Alabama,"4,893,186",2020,AL
Alaska,"736,990",2020,AK
Arizona,"7,174,064",2020,AZ
Arkansas,"3,011,873",2020,AR
California,"39,346,023",2020,CA
Colorado,"5,684,926",2020,CO
Connecticut,"3,570,549",2020,CT
Delaware,"967,679",2020,DE
District of Columbia,"701,974",2020,DC
Florida,"21,216,924",2020,FL
Georgia,"10,516,579",2020,GA
Hawaii,"1,420,074",2020,HI
Idaho,"1,754,367",2020,ID
Illinois,"12,716,164",2020,IL
Indiana,"6,696,893",2020,IN
Iowa,"3,150,011",2020,IA
Kansas,"2,912,619",2020,KS
Kentucky,"4,461,952",2020,KY
Louisiana,"4,664,616",2020,LA
Maine,"1,340,825",2020,ME
Maryland,"6,037,624",2020,MD
Massachusetts,"6,873,003",2020,MA
Michigan,"9,973,907",2020,MI
Minnesota,"5,600,166",2020,MN
Mississippi,"2,981,835",2020,MS
Missouri,"6,124,160",2020,MO
Montana,"1,061,705",2020,MT
Nebraska,"1,923,826",2020,NE
Nevada,"3,030,281",2020,NV
New Hampshire,"1,355,244",2020,NH
New Jersey,"8,885,418",2020,NJ
New Mexico,"2,097,021",2020,NM
New York,"19,514,849",2020,NY
North Carolina,"10,386,227",2020,NC
North Dakota,"760,394",2020,ND
Ohio,"11,675,275",2020,OH
Oklahoma,"3,949,342",2020,OK
Oregon,"4,176,346",2020,OR
Pennsylvania,"12,794,885",2020,PA
Rhode Island,"1,057,798",2020,RI
South Carolina,"5,091,517",2020,SC
South Dakota,"879,336",2020,SD
Tennessee,"6,772,268",2020,TN
Texas,"28,635,442",2020,TX
Utah,"3,151,239",2020,UT
Vermont,"624,340",2020,VT
Virginia,"8,509,358",2020,VA
Washington,"7,512,465",2020,WA
West Virginia,"1,807,426",2020,WV
Wisconsin,"5,806,975",2020,WI
Wyoming,"581,348",2020,WY
Alabama,"5,039,877",2021,AL
Alaska,"732,673",2021,AK
Arizona,"7,276,316",2021,AZ
Arkansas,"3,025,891",2021,AR
California,"39,237,836",2021,CA
Colorado,"5,812,069",2021,CO
Connecticut,"3,605,597",2021,CT
Delaware,"1,003,384",2021,DE
District of Columbia,"670,050",2021,DC
Florida,"21,781,128",2021,FL
Georgia,"10,799,566",2021,GA
Hawaii,"1,441,553",2021,HI
Idaho,"1,900,923",2021,ID
Illinois,"12,671,469",2021,IL
Indiana,"6,805,985",2021,IN
Iowa,"3,193,079",2021,IA
Kansas,"2,934,582",2021,KS
Kentucky,"4,509,394",2021,KY
Louisiana,"4,624,047",2021,LA
Maine,"1,372,247",2021,ME
Maryland,"6,165,129",2021,MD
Massachusetts,"6,984,723",2021,MA
Michigan,"10,050,811",2021,MI
Minnesota,"5,707,390",2021,MN
Mississippi,"2,949,965",2021,MS
Missouri,"6,168,187",2021,MO
Montana,"1,104,271",2021,MT
Nebraska,"1,963,692",2021,NE
Nevada,"3,143,991",2021,NV
New Hampshire,"1,388,992",2021,NH
New Jersey,"9,267,130",2021,NJ
New Mexico,"2,115,877",2021,NM
New York,"19,835,913",2021,NY
North Carolina,"10,551,162",2021,NC
North Dakota,"774,948",2021,ND
Ohio,"11,780,017",2021,OH
Oklahoma,"3,986,639",2021,OK
Oregon,"4,246,155",2021,OR
Pennsylvania,"12,964,056",2021,PA
Rhode Island,"1,095,610",2021,RI
South Carolina,"5,190,705",2021,SC
South Dakota,"895,376",2021,SD
Tennessee,"6,975,218",2021,TN
Texas,"29,527,941",2021,TX
Utah,"3,337,975",2021,UT
Vermont,"645,570",2021,VT
Virginia,"8,642,274",2021,VA
Washington,"7,738,692",2021,WA
West Virginia,"1,782,959",2021,WV
Wisconsin,"5,895,908",2021,WI
Wyoming,"578,803",2021,WY
Alabama,"5,074,296",2022,AL
Alaska,"733,583",2022,AK
Arizona,"7,359,197",2022,AZ
Arkansas,"3,045,637",2022,AR
California,"39,029,342",2022,CA
Colorado,"5,839,926",2022,CO
Connecticut,"3,626,205",2022,CT
Delaware,"1,018,396",2022,DE
District of Columbia,"671,803",2022,DC
Florida,"22,244,823",2022,FL
Georgia,"10,912,876",2022,GA
Hawaii,"1,440,196",2022,HI
Idaho,"1,939,033",2022,ID
Illinois,"12,582,032",2022,IL
Indiana,"6,833,037",2022,IN
Iowa,"3,200,517",2022,IA
Kansas,"2,937,150",2022,KS
Kentucky,"4,512,310",2022,KY
Louisiana,"4,590,241",2022,LA
Maine,"1,385,340",2022,ME
Maryland,"6,164,660",2022,MD
Massachusetts,"6,981,974",2022,MA
Michigan,"10,034,118",2022,MI
Minnesota,"5,717,184",2022,MN
Mississippi,"2,940,057",2022,MS
Missouri,"6,177,957",2022,MO
Montana,"1,122,867",2022,MT
Nebraska,"1,967,923",2022,NE
Nevada,"3,177,772",2022,NV
New Hampshire,"1,395,231",2022,NH
New Jersey,"9,261,699",2022,NJ
New Mexico,"2,113,344",2022,NM
New York,"19,677,151",2022,NY
North Carolina,"10,698,973",2022,NC
North Dakota,"779,261",2022,ND
Ohio,"11,756,058",2022,OH
Oklahoma,"4,019,800",2022,OK
Oregon,"4,240,137",2022,OR
Pennsylvania,"12,972,008",2022,PA
Rhode Island,"1,093,734",2022,RI
South Carolina,"5,282,634",2022,SC
South Dakota,"909,824",2022,SD
Tennessee,"7,051,339",2022,TN
Texas,"30,029,572",2022,TX
Utah,"3,380,800",2022,UT
Vermont,"647,064",2022,VT
Virginia,"8,683,619",2022,VA
Washington,"7,785,786",2022,WA
West Virginia,"1,775,156",2022,WV
Wisconsin,"5,892,539",2022,WI
Wyoming,"581,381",2022,WY
Alabama,"5,108,468",2023,AL
Alaska,"733,406",2023,AK
Arizona,"7,431,344",2023,AZ
Arkansas,"3,067,732",2023,AR
California,"38,965,193",2023,CA
Colorado,"5,877,610",2023,CO
Connecticut,"3,617,176",2023,CT
Delaware,"1,031,890",2023,DE
District of Columbia,"678,972",2023,DC
Florida,"22,610,726",2023,FL
Georgia,"11,029,227",2023,GA
Hawaii,"1,435,138",2023,HI
Idaho,"1,964,726",2023,ID
Illinois,"12,549,689",2023,IL
Indiana,"6,862,199",2023,IN
Iowa,"3,207,004",2023,IA
Kansas,"2,940,547",2023,KS
Kentucky,"4,526,154",2023,KY
Louisiana,"4,573,749",2023,LA
Maine,"1,395,722",2023,ME
Maryland,"6,180,253",2023,MD
Massachusetts,"7,001,399",2023,MA
Michigan,"10,037,261",2023,MI
Minnesota,"5,737,915",2023,MN
Mississippi,"2,939,690",2023,MS
Missouri,"6,196,156",2023,MO
Montana,"1,132,812",2023,MT
Nebraska,"1,978,379",2023,NE
Nevada,"3,194,176",2023,NV
New Hampshire,"1,402,054",2023,NH
New Jersey,"9,290,841",2023,NJ
New Mexico,"2,114,371",2023,NM
New York,"19,571,216",2023,NY
North Carolina,"10,835,491",2023,NC
North Dakota,"783,926",2023,ND
Ohio,"11,785,935",2023,OH
Oklahoma,"4,053,824",2023,OK
Oregon,"4,233,358",2023,OR
Pennsylvania,"12,961,683",2023,PA
Rhode Island,"1,095,962",2023,RI
South Carolina,"5,373,555",2023,SC
South Dakota,"919,318",2023,SD
Tennessee,"7,126,489",2023,TN
Texas,"30,503,301",2023,TX
Utah,"3,417,734",2023,UT
Vermont,"647,464",2023,VT
Virginia,"8,715,698",2023,VA
Washington,"7,812,880",2023,WA
West Virginia,"1,770,071",2023,WV
Wisconsin,"5,910,955",2023,WI
Wyoming,"584,057",2023,WY
